{
  "results": [
    {
      "command": "bin/euxis help",
      "mean": 0.1452839442536842,
      "stddev": 0.016182045544498636,
      "median": 0.14180304778000002,
      "user": 0.014707852631578948,
      "system": 0.012997910526315791,
      "min": 0.12816517178000003,
      "max": 0.18589825578000002,
      "times": [
        0.14558817178000003,
        0.15061008878,
        0.12975546378000002,
        0.16708692278,
        0.14733042178000003,
        0.18045821378000002,
        0.14222800578000003,
        0.13378379778000002,
        0.13190754678000002,
        0.18589825578000002,
        0.13397313078,
        0.13344417178,
        0.14180304778000002,
        0.14072579778000002,
        0.12816517178000003,
        0.15011088078,
        0.14014967278,
        0.14231438078000003,
        0.13506179778000002
      ],
      "memory_usage_byte": [
        7585792,
        7585792,
        7585792,
        7585792,
        7585792,
        7585792,
        7585792,
        7585792,
        7585792,
        7585792,
        7585792,
        7585792,
        7585792,
        7585792,
        7585792,
        7585792,
        7585792,
        7585792,
        7585792
      ],
      "exit_codes": [
        2,
        2,
        2,
        2,
        2,
        2,
        2,
        2,
        2,
        2,
        2,
        2,
        2,
        2,
        2,
        2,
        2,
        2,
        2
      ]
    }
  ]
}
