{
  "results": [
    {
      "command": "bin/euxis health --silent",
      "mean": 12.60802680884,
      "stddev": 0.4302376443035144,
      "median": 12.83120453084,
      "user": 4.4396511,
      "system": 1.8735301666666668,
      "min": 12.11205765584,
      "max": 12.88081823984,
      "times": [
        12.83120453084,
        12.11205765584,
        12.88081823984
      ],
      "memory_usage_byte": [
        468844544,
        471105536,
        471105536
      ],
      "exit_codes": [
        0,
        0,
        0
      ]
    }
  ]
}
