{
  "results": [
    {
      "command": "bin/euxis --version",
      "mean": 0.039841414599726024,
      "stddev": 0.010582223725370486,
      "median": 0.03618866886,
      "user": 0.013781166575342464,
      "system": 0.011069970684931508,
      "min": 0.02824341986,
      "max": 0.07465112786000001,
      "times": [
        0.03509079486,
        0.05231779386,
        0.03004896086,
        0.03618866886,
        0.05773316986,
        0.030670960860000006,
        0.04614187686000001,
        0.029872418860000007,
        0.03343158586,
        0.04391071086000001,
        0.030912419860000005,
        0.02863916886,
        0.04150416986,
        0.030058251860000003,
        0.02824341986,
        0.03650529386,
        0.029300335860000006,
        0.032132960860000004,
        0.048713127860000004,
        0.028616918860000007,
        0.043823419860000004,
        0.045061543860000004,
        0.03172975286,
        0.03175800186,
        0.04611404386,
        0.043117501860000004,
        0.039658543860000006,
        0.03161671086,
        0.02917054486,
        0.05358546086,
        0.029423377860000002,
        0.028876544860000006,
        0.05682271086,
        0.030210377860000005,
        0.03331621086,
        0.06106912686,
        0.035774377860000005,
        0.04215233586000001,
        0.03131862786,
        0.043060376860000006,
        0.05627546086000001,
        0.039279127860000006,
        0.049616418860000004,
        0.03186312786000001,
        0.062220543860000005,
        0.030819294860000006,
        0.03549725286,
        0.05755837686000001,
        0.040563210860000004,
        0.033801251860000006,
        0.043702043860000005,
        0.05147087786000001,
        0.07465112786000001,
        0.03247000186000001,
        0.03701700286,
        0.030961543860000003,
        0.030427127860000007,
        0.043142085860000005,
        0.03468712686000001,
        0.03182362686,
        0.05589496086,
        0.03626625286000001,
        0.04937629386,
        0.031065669860000006,
        0.03144733586,
        0.04552121086,
        0.042185876860000006,
        0.032382460860000004,
        0.05807166886000001,
        0.028976001860000003,
        0.05782954386,
        0.030650294860000003,
        0.04321646086000001
      ],
      "memory_usage_byte": [
        7569408,
        7569408,
        7569408,
        7569408,
        7569408,
        7569408,
        7585792,
        7585792,
        7585792,
        7585792,
        7585792,
        7585792,
        7585792,
        7585792,
        7585792,
        7585792,
        7585792,
        7585792,
        7585792,
        7585792,
        7585792,
        7585792,
        7585792,
        7585792,
        7585792,
        7585792,
        7585792,
        7585792,
        7585792,
        7585792,
        7585792,
        7585792,
        7585792,
        7585792,
        7585792,
        7585792,
        7585792,
        7585792,
        7585792,
        7585792,
        7585792,
        7585792,
        7585792,
        7585792,
        7585792,
        7585792,
        7585792,
        7585792,
        7585792,
        7585792,
        7585792,
        7585792,
        7602176,
        7602176,
        7602176,
        7602176,
        7602176,
        7602176,
        7602176,
        7602176,
        7602176,
        7602176,
        7602176,
        7602176,
        7602176,
        7602176,
        7602176,
        7602176,
        7602176,
        7602176,
        7602176,
        7602176,
        7602176
      ],
      "exit_codes": [
        0,
        0,
        0,
        0,
        0,
        0,
        0,
        0,
        0,
        0,
        0,
        0,
        0,
        0,
        0,
        0,
        0,
        0,
        0,
        0,
        0,
        0,
        0,
        0,
        0,
        0,
        0,
        0,
        0,
        0,
        0,
        0,
        0,
        0,
        0,
        0,
        0,
        0,
        0,
        0,
        0,
        0,
        0,
        0,
        0,
        0,
        0,
        0,
        0,
        0,
        0,
        0,
        0,
        0,
        0,
        0,
        0,
        0,
        0,
        0,
        0,
        0,
        0,
        0,
        0,
        0,
        0,
        0,
        0,
        0,
        0,
        0,
        0
      ]
    }
  ]
}
